{
  "main": {
    "id": "620276a6ce388af1",
    "type": "split",
    "children": [
      {
        "id": "23d9f0508fd7582e",
        "type": "tabs",
        "children": [
          {
            "id": "402d69efd2adaddb",
            "type": "leaf",
            "state": {
              "type": "markdown",
              "state": {
                "file": "Zero_Trust_Advanced/resources/Whitepapers.md",
                "mode": "source",
                "source": false
              },
              "icon": "lucide-file",
              "title": "Whitepapers"
            }
          }
        ]
      }
    ],
    "direction": "vertical"
  },
  "left": {
    "id": "be74c9a31f47205a",
    "type": "mobile-drawer",
    "children": [
      {
        "id": "feccf0c7b174dd5b",
        "type": "leaf",
        "state": {
          "type": "file-explorer",
          "state": {
            "sortOrder": "alphabetical",
            "autoReveal": false
          },
          "icon": "lucide-folder-closed",
          "title": "Files"
        }
      },
      {
        "id": "a0dc60b5f9852ea4",
        "type": "leaf",
        "state": {
          "type": "search",
          "state": {
            "query": "",
            "matchingCase": false,
            "explainSearch": false,
            "collapseAll": false,
            "extraContext": false,
            "sortOrder": "alphabetical"
          },
          "icon": "lucide-search",
          "title": "Search"
        }
      },
      {
        "id": "ba263f3333644ab8",
        "type": "leaf",
        "state": {
          "type": "tag",
          "state": {
            "sortOrder": "frequency",
            "useHierarchy": true,
            "showSearch": false,
            "searchQuery": ""
          },
          "icon": "lucide-tags",
          "title": "Tags"
        }
      },
      {
        "id": "e15f2cecdb58ad80",
        "type": "leaf",
        "state": {
          "type": "bookmarks",
          "state": {},
          "icon": "lucide-bookmark",
          "title": "Bookmarks"
        }
      }
    ],
    "currentTab": 0
  },
  "right": {
    "id": "4b90a7170f69ad9a",
    "type": "mobile-drawer",
    "children": [
      {
        "id": "1a3e93b2e6afcd38",
        "type": "leaf",
        "state": {
          "type": "backlink",
          "state": {
            "file": "Zero_Trust_Advanced/resources/Whitepapers.md",
            "collapseAll": false,
            "extraContext": false,
            "sortOrder": "alphabetical",
            "showSearch": false,
            "searchQuery": "",
            "backlinkCollapsed": false,
            "unlinkedCollapsed": true
          },
          "icon": "links-coming-in",
          "title": "Backlinks"
        }
      },
      {
        "id": "39e8a2f040c535b6",
        "type": "leaf",
        "state": {
          "type": "outgoing-link",
          "state": {
            "file": "Zero_Trust_Advanced/resources/Whitepapers.md",
            "linksCollapsed": false,
            "unlinkedCollapsed": true
          },
          "icon": "links-going-out",
          "title": "Outgoing links"
        }
      },
      {
        "id": "1f5c002f7ae4d662",
        "type": "leaf",
        "state": {
          "type": "outline",
          "state": {
            "file": "Zero_Trust_Advanced/resources/Whitepapers.md",
            "followCursor": false,
            "showSearch": false,
            "searchQuery": ""
          },
          "icon": "lucide-list",
          "title": "Outline"
        }
      }
    ],
    "currentTab": 0
  },
  "left-ribbon": {
    "hiddenItems": {
      "switcher:Open quick switcher": false,
      "graph:Open graph view": false,
      "canvas:Create new canvas": false,
      "daily-notes:Open today's daily note": false,
      "templates:Insert template": false,
      "command-palette:Open command palette": false
    }
  },
  "active": "402d69efd2adaddb",
  "lastOpenFiles": [
    "Zero_Trust_Advanced/tools/System_Hardening.md",
    "Zero_Trust_Advanced/README.md",
    "Zero_Trust_Advanced/tools/Samsung_Secure_Folder_Integration.md",
    "Zero_Trust_Advanced/tools/NetGuard Configuration.md",
    "Zero_Trust_Advanced/tools/Bitwarden_Configuration.md",
    "Zero_Trust_Advanced/templates/Zero_Trust_Advanced_Template.md",
    "Zero_Trust_Advanced/templates/Security_Advanced_Plan_Template.md",
    "Zero_Trust_Advanced/security/Security_Policies.md",
    "Zero_Trust_Advanced/security/Firewall Configuration.md",
    "Zero_Trust_Advanced/security/Encryption and Tokens.md",
    "Zero_Trust_Advanced/security/Authentication.md",
    "Zero_Trust_Advanced/resources/Zero_Trust_Lite_to_Advanced_Transition.md",
    "Zero_Trust_Advanced/resources/Whitepapers.md",
    "Zero_Trust_Advanced/resources/Best_Practices.md",
    "Zero_Trust_Advanced/docs/Zero_Trust_Lite_Integration.md",
    "Zero_Trust_Advanced/docs/Introduction.md",
    "Zero_Trust_Advanced/docs/Detailed_Overview.md",
    "Zero_Trust_Advanced/docs/Core_Principles.md",
    "Zero_Trust_Advanced/docs/Advanced_Use_Cases.md"
  ]
}